{
    "total_runtime": 83.38180470466614,
    "num_documents": 1,
    "input_load_time": 0,
    "workflows": {
        "create_base_text_units": {
            "overall": 0.6146955490112305
        },
        "create_final_documents": {
            "overall": 0.021999120712280273
        },
        "extract_graph": {
            "overall": 41.04844903945923
        },
        "compute_communities": {
            "overall": 6.215780735015869
        },
        "create_final_entities": {
            "overall": 0.2016141414642334
        },
        "create_final_relationships": {
            "overall": 0.11376619338989258
        },
        "create_final_nodes": {
            "overall": 0.1923353672027588
        },
        "create_final_communities": {
            "overall": 0.20508766174316406
        },
        "create_final_text_units": {
            "overall": 0.09512662887573242
        },
        "create_final_community_reports": {
            "overall": 31.772974252700806
        },
        "generate_text_embeddings": {
            "overall": 2.7378337383270264
        }
    }
}